{
  "feature_order": [
    "return_1d",
    "sma_10",
    "sma_30",
    "volatility_10",
    "momentum_10"
  ],
  "coefficients": [
    0.326546024466338,
    -0.007150161432837031,
    0.005853340781563804,
    0.04641450070987907,
    0.0006864802389742447
  ],
  "intercept": 0.47183268521942173
}